{"acc_train_hist": [0.9807792207792208], "precision_train_hist": [0.9915700737618546], "recall_train_hist": [0.9701030927835051], "precision_train_neg_hist": [0.9702868852459017], "recall_train_neg_hist": [0.9916230366492147], "conf_matrix_train_hist": [[[947, 8], [29, 941]]], "acc_test_hist": [0.5697167755991286], "precision_test_hist": [0.6507936507936508], "recall_test_hist": [0.2721238938053097], "precision_test_neg_hist": [0.5486968449931413], "recall_test_neg_hist": [0.8583690987124464], "conf_matrix_test_hist": [[[400, 66], [329, 123]]]}