{"acc_train_hist": [0.9768177028451], "precision_train_hist": [0.99140708915145], "recall_train_hist": [0.9624608967674662], "precision_train_neg_hist": [0.9627714581178903], "recall_train_neg_hist": [0.9914802981895634], "conf_matrix_train_hist": [[[931, 8], [36, 923]]], "acc_test_hist": [0.5492063492063493], "precision_test_hist": [0.6107784431137725], "recall_test_hist": [0.2203023758099352], "precision_test_neg_hist": [0.5359897172236504], "recall_test_neg_hist": [0.8651452282157677], "conf_matrix_test_hist": [[[417, 65], [361, 102]]]}